Date,Open,High,Low,Close,Adj Close,Volume
3/7/2022,2322.26123,2322.26123,2322.26123,2322.26123,2322.26123,0
3/8/2022,2303.421631,2303.421631,2303.421631,2303.421631,2303.421631,0
3/9/2022,2315.024414,2315.024414,2315.024414,2315.024414,2315.024414,0
3/10/2022,2321.030518,2321.030518,2321.030518,2321.030518,2321.030518,0
3/11/2022,2327.745605,2327.745605,2327.745605,2327.745605,2327.745605,0
3/14/2022,2332.0271,2332.0271,2332.0271,2332.0271,2332.0271,0
3/15/2022,2328.022217,2328.022217,2328.022217,2328.022217,2328.022217,0
3/16/2022,2348.502441,2348.502441,2348.502441,2348.502441,2348.502441,0
3/17/2022,2354.617676,2354.617676,2354.617676,2354.617676,2354.617676,0
3/18/2022,2361.168213,2361.168213,2361.168213,2361.168213,2361.168213,0
3/21/2022,2370.932373,2370.932373,2370.932373,2370.932373,2370.932373,0
3/22/2022,2374.809082,2374.809082,2374.809082,2374.809082,2374.809082,0
3/23/2022,2367.528076,2367.528076,2367.528076,2367.528076,2367.528076,0
3/24/2022,2365.347168,2365.347168,2365.347168,2365.347168,2365.347168,0
3/25/2022,2374.559814,2374.559814,2374.559814,2374.559814,2374.559814,0
3/28/2022,2380.049805,2380.049805,2380.049805,2380.049805,2380.049805,0
3/29/2022,2391.719238,2391.719238,2391.719238,2391.719238,2391.719238,0
3/30/2022,2394.810791,2394.810791,2394.810791,2394.810791,2394.810791,0
3/31/2022,2392.115967,2392.115967,2392.115967,2392.115967,2392.115967,0
4/1/2022,2385.78833,2385.78833,2385.78833,2385.78833,2385.78833,0
4/4/2022,2385.345215,2385.345215,2385.345215,2385.345215,2385.345215,0
4/5/2022,2393.475586,2393.475586,2393.475586,2393.475586,2393.475586,0
4/6/2022,2379.172363,2379.172363,2379.172363,2379.172363,2379.172363,0
4/7/2022,2383.971191,2383.971191,2383.971191,2383.971191,2383.971191,0
4/8/2022,2395.194092,2395.194092,2395.194092,2395.194092,2395.194092,0
4/11/2022,2400.968018,2400.968018,2400.968018,2400.968018,2400.968018,0
4/12/2022,2394.772949,2394.772949,2394.772949,2394.772949,2394.772949,0
4/13/2022,2390.492432,2390.492432,2390.492432,2390.492432,2390.492432,0
4/14/2022,null,null,null,null,null,null
4/19/2022,2395.474854,2395.474854,2395.474854,2395.474854,2395.474854,0
4/20/2022,2408.634277,2408.634277,2408.634277,2408.634277,2408.634277,0
4/21/2022,2423.204346,2423.204346,2423.204346,2423.204346,2423.204346,0
4/22/2022,2394.954346,2394.954346,2394.954346,2394.954346,2394.954346,0
4/25/2022,2366.840332,2366.840332,2366.840332,2366.840332,2366.840332,0
4/26/2022,2378.535889,2378.535889,2378.535889,2378.535889,2378.535889,0
4/27/2022,2368.131592,2368.131592,2368.131592,2368.131592,2368.131592,0
4/28/2022,2367.489502,2367.489502,2367.489502,2367.489502,2367.489502,0
4/29/2022,2371.935303,2371.935303,2371.935303,2371.935303,2371.935303,0
5/3/2022,2348.456543,2348.456543,2348.456543,2348.456543,2348.456543,0
5/4/2022,2349.522705,2349.522705,2349.522705,2349.522705,2349.522705,0
5/5/2022,2358.652344,2358.652344,2358.652344,2358.652344,2358.652344,0
5/6/2022,2330.46167,2330.46167,2330.46167,2330.46167,2330.46167,0
5/9/2022,2323.596191,2323.596191,2323.596191,2323.596191,2323.596191,0
5/10/2022,2330.283203,2330.283203,2330.283203,2330.283203,2330.283203,0
5/11/2022,2329.009766,2329.009766,2329.009766,2329.009766,2329.009766,0
5/12/2022,2315.970215,2315.970215,2315.970215,2315.970215,2315.970215,0
5/13/2022,2334.565186,2334.565186,2334.565186,2334.565186,2334.565186,0
5/16/2022,2339.30542,2339.30542,2339.30542,2339.30542,2339.30542,0
5/17/2022,null,null,null,null,null,null
5/18/2022,2339.790527,2339.790527,2339.790527,2339.790527,2339.790527,0
5/19/2022,2302.462646,2302.462646,2302.462646,2302.462646,2302.462646,0
5/20/2022,2323.880127,2323.880127,2323.880127,2323.880127,2323.880127,0
5/23/2022,2330.673096,2330.673096,2330.673096,2330.673096,2330.673096,0
5/24/2022,2330.890625,2330.890625,2330.890625,2330.890625,2330.890625,0
5/25/2022,2338.866943,2338.866943,2338.866943,2338.866943,2338.866943,0
5/26/2022,null,null,null,null,null,null
5/27/2022,2363.55957,2363.55957,2363.55957,2363.55957,2363.55957,0
5/30/2022,null,null,null,null,null,null
5/31/2022,2355.862549,2355.862549,2355.862549,2355.862549,2355.862549,0
6/1/2022,2359.777588,2359.777588,2359.777588,2359.777588,2359.777588,0
6/2/2022,2342.063477,2342.063477,2342.063477,2342.063477,2342.063477,0
6/3/2022,2350.42041,2350.42041,2350.42041,2350.42041,2350.42041,0
6/6/2022,null,null,null,null,null,null
6/7/2022,2345.16626,2345.16626,2345.16626,2345.16626,2345.16626,0
6/8/2022,2347.739746,2347.739746,2347.739746,2347.739746,2347.739746,0
6/9/2022,2340.539063,2340.539063,2340.539063,2340.539063,2340.539063,0
6/10/2022,2300.571533,2300.571533,2300.571533,2300.571533,2300.571533,0
6/13/2022,2269.003906,2269.003906,2269.003906,2269.003906,2269.003906,0
6/14/2022,2263.153809,2263.153809,2263.153809,2263.153809,2263.153809,0
6/15/2022,2265.868652,2265.868652,2265.868652,2265.868652,2265.868652,0
6/16/2022,2234.998779,2234.998779,2234.998779,2234.998779,2234.998779,0
6/17/2022,2242.233643,2242.233643,2242.233643,2242.233643,2242.233643,0
6/20/2022,null,null,null,null,null,null
6/21/2022,2244.599609,2244.599609,2244.599609,2244.599609,2244.599609,0
6/22/2022,2242.457275,2242.457275,2242.457275,2242.457275,2242.457275,0
6/23/2022,2254.400879,2254.400879,2254.400879,2254.400879,2254.400879,0
6/24/2022,2263.507813,2263.507813,2263.507813,2263.507813,2263.507813,0
6/27/2022,2280.66626,2280.66626,2280.66626,2280.66626,2280.66626,0
6/28/2022,2295.674561,2295.674561,2295.674561,2295.674561,2295.674561,0
6/29/2022,2270.608154,2270.608154,2270.608154,2270.608154,2270.608154,0
6/30/2022,2249.624268,2249.624268,2249.624268,2249.624268,2249.624268,0
7/1/2022,2266.781738,2266.781738,2266.781738,2266.781738,2266.781738,0
7/4/2022,null,null,null,null,null,null
7/5/2022,2254.34668,2254.34668,2254.34668,2254.34668,2254.34668,0
7/6/2022,2271.182617,2271.182617,2271.182617,2271.182617,2271.182617,0
7/7/2022,2285.33374,2285.33374,2285.33374,2285.33374,2285.33374,0
7/8/2022,2285.005859,2285.005859,2285.005859,2285.005859,2285.005859,0
7/11/2022,2286.682617,2286.682617,2286.682617,2286.682617,2286.682617,0
7/12/2022,2288.936035,2288.936035,2288.936035,2288.936035,2288.936035,0
7/13/2022,2270.082764,2270.082764,2270.082764,2270.082764,2270.082764,0
7/14/2022,2250.639404,2250.639404,2250.639404,2250.639404,2250.639404,0
7/15/2022,2268.847656,2268.847656,2268.847656,2268.847656,2268.847656,0
7/18/2022,2283.572754,2283.572754,2283.572754,2283.572754,2283.572754,0
7/19/2022,2287.722656,2287.722656,2287.722656,2287.722656,2287.722656,0
7/20/2022,2291.677002,2291.677002,2291.677002,2291.677002,2291.677002,0
7/21/2022,2289.100586,2289.100586,2289.100586,2289.100586,2289.100586,0
7/22/2022,2298.612305,2298.612305,2298.612305,2298.612305,2298.612305,0
7/25/2022,2299.521729,2299.521729,2299.521729,2299.521729,2299.521729,0
7/26/2022,2295.491943,2295.491943,2295.491943,2295.491943,2295.491943,0
7/27/2022,2298.056152,2298.056152,2298.056152,2298.056152,2298.056152,0
7/28/2022,2299.24292,2299.24292,2299.24292,2299.24292,2299.24292,0
7/29/2022,2315.017822,2315.017822,2315.017822,2315.017822,2315.017822,0
8/1/2022,2319.616699,2319.616699,2319.616699,2319.616699,2319.616699,0
8/2/2022,2314.8396,2314.8396,2314.8396,2314.8396,2314.8396,0
8/3/2022,2317.630615,2317.630615,2317.630615,2317.630615,2317.630615,0
8/4/2022,2328.141357,2328.141357,2328.141357,2328.141357,2328.141357,0
8/5/2022,2317.608643,2317.608643,2317.608643,2317.608643,2317.608643,0
8/8/2022,2328.927734,2328.927734,2328.927734,2328.927734,2328.927734,0
8/9/2022,2320.013672,2320.013672,2320.013672,2320.013672,2320.013672,0
8/10/2022,2328.907959,2328.907959,2328.907959,2328.907959,2328.907959,0
8/11/2022,2333.889893,2333.889893,2333.889893,2333.889893,2333.889893,0
8/12/2022,2337.215332,2337.215332,2337.215332,2337.215332,2337.215332,0
8/15/2022,2344.497803,2344.497803,2344.497803,2344.497803,2344.497803,0
8/16/2022,2349.841064,2349.841064,2349.841064,2349.841064,2349.841064,0
8/17/2022,2342.121582,2342.121582,2342.121582,2342.121582,2342.121582,0
8/18/2022,2337.650635,2337.650635,2337.650635,2337.650635,2337.650635,0
8/19/2022,2335.082031,2335.082031,2335.082031,2335.082031,2335.082031,0
8/22/2022,2321.215576,2321.215576,2321.215576,2321.215576,2321.215576,0
8/23/2022,2308.499268,2308.499268,2308.499268,2308.499268,2308.499268,0
8/24/2022,2299.234863,2299.234863,2299.234863,2299.234863,2299.234863,0
8/25/2022,2306.082031,2306.082031,2306.082031,2306.082031,2306.082031,0
8/26/2022,2307.063232,2307.063232,2307.063232,2307.063232,2307.063232,0
8/29/2022,2270.464844,2270.464844,2270.464844,2270.464844,2270.464844,0
8/30/2022,2271.472168,2271.472168,2271.472168,2271.472168,2271.472168,0
8/31/2022,2268.047607,2268.047607,2268.047607,2268.047607,2268.047607,0
9/1/2022,2253.158936,2253.158936,2253.158936,2253.158936,2253.158936,0
9/2/2022,2265.262207,2265.262207,2265.262207,2265.262207,2265.262207,0
9/5/2022,null,null,null,null,null,null
9/6/2022,2246.309326,2246.309326,2246.309326,2246.309326,2246.309326,0
9/7/2022,2242.643311,2242.643311,2242.643311,2242.643311,2242.643311,0
9/8/2022,2250.262695,2250.262695,2250.262695,2250.262695,2250.262695,0
9/9/2022,2270.628662,2270.628662,2270.628662,2270.628662,2270.628662,0
9/12/2022,2294.313232,2294.313232,2294.313232,2294.313232,2294.313232,0
9/13/2022,2282.326172,2282.326172,2282.326172,2282.326172,2282.326172,0
9/14/2022,2259.688721,2259.688721,2259.688721,2259.688721,2259.688721,0
9/15/2022,2258.653564,2258.653564,2258.653564,2258.653564,2258.653564,0
9/16/2022,2239.891113,2239.891113,2239.891113,2239.891113,2239.891113,0
9/19/2022,2234.757813,2234.757813,2234.757813,2234.757813,2234.757813,0
9/20/2022,2228.245117,2228.245117,2228.245117,2228.245117,2228.245117,0
9/21/2022,2233.338623,2233.338623,2233.338623,2233.338623,2233.338623,0
9/22/2022,2207.438721,2207.438721,2207.438721,2207.438721,2207.438721,0
9/23/2022,2187.189453,2187.189453,2187.189453,2187.189453,2187.189453,0
9/26/2022,2178.967285,2178.967285,2178.967285,2178.967285,2178.967285,0
9/27/2022,2179.404785,2179.404785,2179.404785,2179.404785,2179.404785,0
9/28/2022,2162.101318,2162.101318,2162.101318,2162.101318,2162.101318,0
9/29/2022,2157.982422,2157.982422,2157.982422,2157.982422,2157.982422,0
9/30/2022,2168.166016,2168.166016,2168.166016,2168.166016,2168.166016,0
10/3/2022,2163.330078,2163.330078,2163.330078,2163.330078,2163.330078,0
10/4/2022,2202.917725,2202.917725,2202.917725,2202.917725,2202.917725,0
10/5/2022,2195.259277,2195.259277,2195.259277,2195.259277,2195.259277,0
10/6/2022,2191.037842,2191.037842,2191.037842,2191.037842,2191.037842,0
10/7/2022,2167.18457,2167.18457,2167.18457,2167.18457,2167.18457,0
10/10/2022,2160.994385,2160.994385,2160.994385,2160.994385,2160.994385,0
10/11/2022,2145.219482,2145.219482,2145.219482,2145.219482,2145.219482,0
10/12/2022,2149.456299,2149.456299,2149.456299,2149.456299,2149.456299,0
10/13/2022,2136.030518,2136.030518,2136.030518,2136.030518,2136.030518,0
10/14/2022,2175.493164,2175.493164,2175.493164,2175.493164,2175.493164,0
10/17/2022,2176.282959,2176.282959,2176.282959,2176.282959,2176.282959,0
10/18/2022,2195.5271,2195.5271,2195.5271,2195.5271,2195.5271,0
10/19/2022,2186.962891,2186.962891,2186.962891,2186.962891,2186.962891,0
10/20/2022,2190.716064,2190.716064,2190.716064,2190.716064,2190.716064,0
10/21/2022,2189.860596,2189.860596,2189.860596,2189.860596,2189.860596,0
10/24/2022,2216.3125,2216.3125,2216.3125,2216.3125,2216.3125,0
10/25/2022,2222.40332,2222.40332,2222.40332,2222.40332,2222.40332,0
10/26/2022,2231.355713,2231.355713,2231.355713,2231.355713,2231.355713,0
10/27/2022,2236.474609,2236.474609,2236.474609,2236.474609,2236.474609,0
10/28/2022,2244.383789,2244.383789,2244.383789,2244.383789,2244.383789,0
10/31/2022,2256.137939,2256.137939,2256.137939,2256.137939,2256.137939,0
11/1/2022,2255.055176,2255.055176,2255.055176,2255.055176,2255.055176,0
11/2/2022,2259.892334,2259.892334,2259.892334,2259.892334,2259.892334,0
11/3/2022,2240.148926,2240.148926,2240.148926,2240.148926,2240.148926,0
11/4/2022,2249.629395,2249.629395,2249.629395,2249.629395,2249.629395,0
11/7/2022,2250.619873,2250.619873,2250.619873,2250.619873,2250.619873,0
11/8/2022,2262.952881,2262.952881,2262.952881,2262.952881,2262.952881,0
11/9/2022,2263.143311,2263.143311,2263.143311,2263.143311,2263.143311,0
11/10/2022,2288.296875,2288.296875,2288.296875,2288.296875,2288.296875,0
11/11/2022,2282.83374,2282.83374,2282.83374,2282.83374,2282.83374,0
11/14/2022,2296.72876,2296.72876,2296.72876,2296.72876,2296.72876,0
11/15/2022,2301.842529,2301.842529,2301.842529,2301.842529,2301.842529,0
11/16/2022,2296.053223,2296.053223,2296.053223,2296.053223,2296.053223,0
11/17/2022,2285.237305,2285.237305,2285.237305,2285.237305,2285.237305,0
11/18/2022,2302.149902,2302.149902,2302.149902,2302.149902,2302.149902,0
11/21/2022,2306.720459,2306.720459,2306.720459,2306.720459,2306.720459,0
11/22/2022,2310.008789,2310.008789,2310.008789,2310.008789,2310.008789,0
11/23/2022,2315.510742,2315.510742,2315.510742,2315.510742,2315.510742,0
11/24/2022,null,null,null,null,null,null
11/25/2022,2324.279297,2324.279297,2324.279297,2324.279297,2324.279297,0
11/28/2022,2318.529053,2318.529053,2318.529053,2318.529053,2318.529053,0
11/29/2022,2313.41748,2313.41748,2313.41748,2313.41748,2313.41748,0
11/30/2022,2312.789307,2312.789307,2312.789307,2312.789307,2312.789307,0
12/1/2022,2343.495605,2343.495605,2343.495605,2343.495605,2343.495605,0
12/2/2022,2329.585449,2329.585449,2329.585449,2329.585449,2329.585449,0
12/5/2022,2330.095703,2330.095703,2330.095703,2330.095703,2330.095703,0
12/6/2022,2327.087646,2327.087646,2327.087646,2327.087646,2327.087646,0
12/7/2022,2318.52002,2318.52002,2318.52002,2318.52002,2318.52002,0
12/8/2022,2321.150391,2321.150391,2321.150391,2321.150391,2321.150391,0
12/9/2022,2326.600586,2326.600586,2326.600586,2326.600586,2326.600586,0
12/12/2022,2325.286621,2325.286621,2325.286621,2325.286621,2325.286621,0
12/13/2022,2353.682861,2353.682861,2353.682861,2353.682861,2353.682861,0
12/14/2022,2337.884277,2337.884277,2337.884277,2337.884277,2337.884277,0
12/15/2022,2313.352783,2313.352783,2313.352783,2313.352783,2313.352783,0
12/16/2022,2300.017334,2300.017334,2300.017334,2300.017334,2300.017334,0
12/19/2022,2296.690674,2296.690674,2296.690674,2296.690674,2296.690674,0
12/20/2022,2291.067627,2291.067627,2291.067627,2291.067627,2291.067627,0
12/21/2022,2300.323975,2300.323975,2300.323975,2300.323975,2300.323975,0
12/22/2022,null,null,null,null,null,null
12/23/2022,2296.992188,2296.992188,2296.992188,2296.992188,2296.992188,0
12/28/2022,2305.520752,2305.520752,2305.520752,2305.520752,2305.520752,0
12/29/2022,2305.437988,2305.437988,2305.437988,2305.437988,2305.437988,0
12/30/2022,2302.244629,2302.244629,2302.244629,2302.244629,2302.244629,0
1/3/2023,2314.162354,2314.162354,2314.162354,2314.162354,2314.162354,0
1/4/2023,2325.868408,2325.868408,2325.868408,2325.868408,2325.868408,0
1/5/2023,2319.093994,2319.093994,2319.093994,2319.093994,2319.093994,0
1/6/2023,2321.436279,2321.436279,2321.436279,2321.436279,2321.436279,0
1/9/2023,2335.600342,2335.600342,2335.600342,2335.600342,2335.600342,0
1/10/2023,2328.907471,2328.907471,2328.907471,2328.907471,2328.907471,0
1/11/2023,2338.44458,2338.44458,2338.44458,2338.44458,2338.44458,0
1/12/2023,2342.899658,2342.899658,2342.899658,2342.899658,2342.899658,0
1/13/2023,2348.213867,2348.213867,2348.213867,2348.213867,2348.213867,0
1/16/2023,null,null,null,null,null,null
1/17/2023,2355.70459,2355.70459,2355.70459,2355.70459,2355.70459,0
1/18/2023,2355.712402,2355.712402,2355.712402,2355.712402,2355.712402,0
1/19/2023,2338.360107,2338.360107,2338.360107,2338.360107,2338.360107,0
1/20/2023,2341.195801,2341.195801,2341.195801,2341.195801,2341.195801,0
1/23/2023,2352.462402,2352.462402,2352.462402,2352.462402,2352.462402,0
1/24/2023,2352.642822,2352.642822,2352.642822,2352.642822,2352.642822,0
1/25/2023,2350.570801,2350.570801,2350.570801,2350.570801,2350.570801,0
1/26/2023,2357.05957,2357.05957,2357.05957,2357.05957,2357.05957,0
1/27/2023,2360.231201,2360.231201,2360.231201,2360.231201,2360.231201,0
1/30/2023,2360.129395,2360.129395,2360.129395,2360.129395,2360.129395,0
1/31/2023,2353.902344,2353.902344,2353.902344,2353.902344,2353.902344,0
2/1/2023,2364.27417,2364.27417,2364.27417,2364.27417,2364.27417,0
2/2/2023,2377.504395,2377.504395,2377.504395,2377.504395,2377.504395,0
2/3/2023,2376.195801,2376.195801,2376.195801,2376.195801,2376.195801,0
2/6/2023,2370.52832,2370.52832,2370.52832,2370.52832,2370.52832,0
2/7/2023,2365.612305,2365.612305,2365.612305,2365.612305,2365.612305,0
2/8/2023,2376.656494,2376.656494,2376.656494,2376.656494,2376.656494,0
2/9/2023,2372.361816,2372.361816,2372.361816,2372.361816,2372.361816,0
2/10/2023,2356.267578,2356.267578,2356.267578,2356.267578,2356.267578,0
2/13/2023,2360.885986,2360.885986,2360.885986,2360.885986,2360.885986,0
2/14/2023,2367.958252,2367.958252,2367.958252,2367.958252,2367.958252,0
2/15/2023,2361.83252,2361.83252,2361.83252,2361.83252,2361.83252,0
2/16/2023,2358.977295,2358.977295,2358.977295,2358.977295,2358.977295,0
2/17/2023,2358.265869,2358.265869,2358.265869,2358.265869,2358.265869,0
2/20/2023,null,null,null,null,null,null
2/21/2023,2355.550781,2355.550781,2355.550781,2355.550781,2355.550781,0
2/22/2023,2350.006836,2350.006836,2350.006836,2350.006836,2350.006836,0
2/23/2023,2351.494385,2351.494385,2351.494385,2351.494385,2351.494385,0
2/24/2023,2336.846436,2336.846436,2336.846436,2336.846436,2336.846436,0
2/27/2023,2348.351074,2348.351074,2348.351074,2348.351074,2348.351074,0
2/28/2023,2337.652832,2337.652832,2337.652832,2337.652832,2337.652832,0
3/1/2023,2333.365234,2333.365234,2333.365234,2333.365234,2333.365234,0
3/2/2023,2328.917236,2328.917236,2328.917236,2328.917236,2328.917236,0
3/3/2023,2342.567139,2342.567139,2342.567139,2342.567139,2342.567139,0
3/6/2023,2349.776855,2349.776855,2349.776855,2349.776855,2349.776855,0
3/7/2023,2347.904541,2347.904541,2347.904541,2347.904541,2347.904541,0
3/8/2023,2336.261963,2336.261963,2336.261963,2336.261963,2336.261963,0
3/9/2023,2335.221191,2335.221191,2335.221191,2335.221191,2335.221191,0
3/10/2023,2316.977051,2316.977051,2316.977051,2316.977051,2316.977051,0
3/13/2023,2307.731445,2307.731445,2307.731445,2307.731445,2307.731445,0
3/14/2023,2313.965088,2313.965088,2313.965088,2313.965088,2313.965088,0
3/15/2023,2300.030273,2300.030273,2300.030273,2300.030273,2300.030273,0
3/16/2023,null,null,null,null,null,null
3/17/2023,2306.798096,2306.798096,2306.798096,2306.798096,2306.798096,0
3/20/2023,2315.029541,2315.029541,2315.029541,2315.029541,2315.029541,0
3/21/2023,2324.595459,2324.595459,2324.595459,2324.595459,2324.595459,0
3/22/2023,2331.313721,2331.313721,2331.313721,2331.313721,2331.313721,0
3/23/2023,2323.57251,2323.57251,2323.57251,2323.57251,2323.57251,0
3/24/2023,2309.662354,2309.662354,2309.662354,2309.662354,2309.662354,0
3/27/2023,2327.438965,2327.438965,2327.438965,2327.438965,2327.438965,0
3/28/2023,2324.764648,2324.764648,2324.764648,2324.764648,2324.764648,0
3/29/2023,2333.169922,2333.169922,2333.169922,2333.169922,2333.169922,0
3/30/2023,null,null,null,null,null,null
3/31/2023,2352.318359,2352.318359,2352.318359,2352.318359,2352.318359,0
4/3/2023,2357.226563,2357.226563,2357.226563,2357.226563,2357.226563,0
4/4/2023,2362.541504,2362.541504,2362.541504,2362.541504,2362.541504,0
4/5/2023,2366.125244,2366.125244,2366.125244,2366.125244,2366.125244,0
4/6/2023,null,null,null,null,null,null
4/11/2023,2379.091797,2379.091797,2379.091797,2379.091797,2379.091797,0
4/12/2023,2384.102295,2384.102295,2384.102295,2384.102295,2384.102295,0
4/13/2023,2379.006348,2379.006348,2379.006348,2379.006348,2379.006348,0
4/14/2023,2387.141113,2387.141113,2387.141113,2387.141113,2387.141113,0
4/17/2023,2382.940186,2382.940186,2382.940186,2382.940186,2382.940186,0
4/18/2023,2388.434082,2388.434082,2388.434082,2388.434082,2388.434082,0
4/19/2023,2383.241943,2383.241943,2383.241943,2383.241943,2383.241943,0
4/20/2023,2376.285889,2376.285889,2376.285889,2376.285889,2376.285889,0
4/21/2023,2376.55542,2376.55542,2376.55542,2376.55542,2376.55542,0
4/24/2023,2380.999756,2380.999756,2380.999756,2380.999756,2380.999756,0
4/25/2023,2382.150879,2382.150879,2382.150879,2382.150879,2382.150879,0
4/26/2023,2377.005615,2377.005615,2377.005615,2377.005615,2377.005615,0
4/27/2023,2384.745605,2384.745605,2384.745605,2384.745605,2384.745605,0
4/28/2023,2399.931641,2399.931641,2399.931641,2399.931641,2399.931641,0
5/2/2023,2398.625488,2398.625488,2398.625488,2398.625488,2398.625488,0
5/3/2023,2392.92041,2392.92041,2392.92041,2392.92041,2392.92041,0
5/4/2023,2379.476807,2379.476807,2379.476807,2379.476807,2379.476807,0
5/5/2023,2385.206787,2385.206787,2385.206787,2385.206787,2385.206787,0
5/8/2023,2387.89917,2387.89917,2387.89917,2387.89917,2387.89917,0
5/9/2023,2386.461182,2386.461182,2386.461182,2386.461182,2386.461182,0
5/10/2023,2386.52832,2386.52832,2386.52832,2386.52832,2386.52832,0
5/11/2023,2385.750977,2385.750977,2385.750977,2385.750977,2385.750977,0
5/12/2023,2389.866699,2389.866699,2389.866699,2389.866699,2389.866699,0
5/15/2023,2388.693848,2388.693848,2388.693848,2388.693848,2388.693848,0
5/16/2023,2386.639404,2386.639404,2386.639404,2386.639404,2386.639404,0
5/17/2023,null,null,null,null,null,null
5/18/2023,null,null,null,null,null,null
5/19/2023,2397.848145,2397.848145,2397.848145,2397.848145,2397.848145,0
5/22/2023,null,null,null,null,null,null
5/23/2023,2392.537109,2392.537109,2392.537109,2392.537109,2392.537109,0
5/24/2023,2378.298096,2378.298096,2378.298096,2378.298096,2378.298096,0
5/25/2023,2370.367676,2370.367676,2370.367676,2370.367676,2370.367676,0
5/26/2023,2374.019043,2374.019043,2374.019043,2374.019043,2374.019043,0
5/29/2023,null,null,null,null,null,null
5/30/2023,2375.161621,2375.161621,2375.161621,2375.161621,2375.161621,0
5/31/2023,2365.797363,2365.797363,2365.797363,2365.797363,2365.797363,0
6/1/2023,2368.678711,2368.678711,2368.678711,2368.678711,2368.678711,0
6/2/2023,2381.739258,2381.739258,2381.739258,2381.739258,2381.739258,0
6/5/2023,2389.520996,2389.520996,2389.520996,2389.520996,2389.520996,0
6/6/2023,2387.876953,2387.876953,2387.876953,2387.876953,2387.876953,0
6/7/2023,2390.272217,2390.272217,2390.272217,2390.272217,2390.272217,0
6/8/2023,2384.108398,2384.108398,2384.108398,2384.108398,2384.108398,0
6/9/2023,2384.162842,2384.162842,2384.162842,2384.162842,2384.162842,0
6/12/2023,2385.922607,2385.922607,2385.922607,2385.922607,2385.922607,0
6/13/2023,2391.73291,2391.73291,2391.73291,2391.73291,2391.73291,0
6/14/2023,2390.954346,2390.954346,2390.954346,2390.954346,2390.954346,0
6/15/2023,2391.31543,2391.31543,2391.31543,2391.31543,2391.31543,0
6/16/2023,2403.874023,2403.874023,2403.874023,2403.874023,2403.874023,0
6/19/2023,null,null,null,null,null,null
6/20/2023,2397.356445,2397.356445,2397.356445,2397.356445,2397.356445,0
6/21/2023,2391.19458,2391.19458,2391.19458,2391.19458,2391.19458,0
6/22/2023,2384.152588,2384.152588,2384.152588,2384.152588,2384.152588,0
6/23/2023,2385.936279,2385.936279,2385.936279,2385.936279,2385.936279,0
6/26/2023,2380.80957,2380.80957,2380.80957,2380.80957,2380.80957,0
6/27/2023,2377.653076,2377.653076,2377.653076,2377.653076,2377.653076,0
6/28/2023,2386.080078,2386.080078,2386.080078,2386.080078,2386.080078,0
6/29/2023,2385.837158,2385.837158,2385.837158,2385.837158,2385.837158,0
6/30/2023,2396.187988,2396.187988,2396.187988,2396.187988,2396.187988,0
7/3/2023,2398.520996,2398.520996,2398.520996,2398.520996,2398.520996,0
7/4/2023,null,null,null,null,null,null
7/5/2023,2396.118652,2396.118652,2396.118652,2396.118652,2396.118652,0
7/6/2023,2384.115967,2384.115967,2384.115967,2384.115967,2384.115967,0
7/7/2023,2381.764404,2381.764404,2381.764404,2381.764404,2381.764404,0
7/10/2023,2380.250244,2380.250244,2380.250244,2380.250244,2380.250244,0
7/11/2023,2380.122803,2380.122803,2380.122803,2380.122803,2380.122803,0
7/12/2023,2386.109375,2386.109375,2386.109375,2386.109375,2386.109375,0
7/13/2023,2391.720947,2391.720947,2391.720947,2391.720947,2391.720947,0
7/14/2023,2392.614014,2392.614014,2392.614014,2392.614014,2392.614014,0
7/17/2023,null,null,null,null,null,null
7/18/2023,2394.068848,2394.068848,2394.068848,2394.068848,2394.068848,0
7/19/2023,2406.345459,2406.345459,2406.345459,2406.345459,2406.345459,0
7/20/2023,2409.68335,2409.68335,2409.68335,2409.68335,2409.68335,0
7/21/2023,2413.095459,2413.095459,2413.095459,2413.095459,2413.095459,0
7/24/2023,2415.039795,2415.039795,2415.039795,2415.039795,2415.039795,0
7/25/2023,2417.019043,2417.019043,2417.019043,2417.019043,2417.019043,0
7/26/2023,2414.703369,2414.703369,2414.703369,2414.703369,2414.703369,0
7/27/2023,2425.47583,2425.47583,2425.47583,2425.47583,2425.47583,0
7/28/2023,2415.083008,2415.083008,2415.083008,2415.083008,2415.083008,0
7/31/2023,2414.906494,2414.906494,2414.906494,2414.906494,2414.906494,0
8/1/2023,2413.296631,2413.296631,2413.296631,2413.296631,2413.296631,0
8/2/2023,2403.738037,2403.738037,2403.738037,2403.738037,2403.738037,0
8/3/2023,2391.934326,2391.934326,2391.934326,2391.934326,2391.934326,0
8/4/2023,2392.559082,2392.559082,2392.559082,2392.559082,2392.559082,0
8/7/2023,2391.265381,2391.265381,2391.265381,2391.265381,2391.265381,0
8/8/2023,2391.041504,2391.041504,2391.041504,2391.041504,2391.041504,0
8/9/2023,2398.522217,2398.522217,2398.522217,2398.522217,2398.522217,0
8/10/2023,null,null,null,null,null,null
8/11/2023,2405.986816,2405.986816,2405.986816,2405.986816,2405.986816,0
8/14/2023,2409.716797,2409.716797,2409.716797,2409.716797,2409.716797,0
8/15/2023,2403.067139,2403.067139,2403.067139,2403.067139,2403.067139,0
8/16/2023,2400.413086,2400.413086,2400.413086,2400.413086,2400.413086,0
8/17/2023,2390.97998,2390.97998,2390.97998,2390.97998,2390.97998,0
8/18/2023,2381.430176,2381.430176,2381.430176,2381.430176,2381.430176,0
8/21/2023,2385.375977,2385.375977,2385.375977,2385.375977,2385.375977,0
8/22/2023,2386.266602,2386.266602,2386.266602,2386.266602,2386.266602,0
8/23/2023,2391.768066,2391.768066,2391.768066,2391.768066,2391.768066,0
8/24/2023,2400.013428,2400.013428,2400.013428,2400.013428,2400.013428,0
8/25/2023,2393.330078,2393.330078,2393.330078,2393.330078,2393.330078,0
8/28/2023,2403.16333,2403.16333,2403.16333,2403.16333,2403.16333,0
8/29/2023,2409.703857,2409.703857,2409.703857,2409.703857,2409.703857,0
8/30/2023,2416.211426,2416.211426,2416.211426,2416.211426,2416.211426,0
8/31/2023,2419.951904,2419.951904,2419.951904,2419.951904,2419.951904,0
9/1/2023,2414.912842,2414.912842,2414.912842,2414.912842,2414.912842,0
9/4/2023,null,null,null,null,null,null
9/5/2023,2408.232666,2408.232666,2408.232666,2408.232666,2408.232666,0
9/6/2023,2400.365967,2400.365967,2400.365967,2400.365967,2400.365967,0
9/7/2023,2400.407227,2400.407227,2400.407227,2400.407227,2400.407227,0
9/8/2023,2398.829346,2398.829346,2398.829346,2398.829346,2398.829346,0
9/11/2023,2405.70166,2405.70166,2405.70166,2405.70166,2405.70166,0
9/12/2023,2407.732666,2407.732666,2407.732666,2407.732666,2407.732666,0
9/13/2023,2408.140137,2408.140137,2408.140137,2408.140137,2408.140137,0
9/14/2023,2422.650391,2422.650391,2422.650391,2422.650391,2422.650391,0
9/15/2023,2427.310791,2427.310791,2427.310791,2427.310791,2427.310791,0
9/18/2023,2418.49707,2418.49707,2418.49707,2418.49707,2418.49707,0
9/19/2023,2421.218018,2421.218018,2421.218018,2421.218018,2421.218018,0
9/20/2023,2426.507568,2426.507568,2426.507568,2426.507568,2426.507568,0
9/21/2023,2413.792969,2413.792969,2413.792969,2413.792969,2413.792969,0
9/22/2023,2409.439453,2409.439453,2409.439453,2409.439453,2409.439453,0
9/25/2023,2401.945313,2401.945313,2401.945313,2401.945313,2401.945313,0
9/26/2023,2399.19165,2399.19165,2399.19165,2399.19165,2399.19165,0
9/27/2023,2393.619873,2393.619873,2393.619873,2393.619873,2393.619873,0
9/28/2023,2387.749268,2387.749268,2387.749268,2387.749268,2387.749268,0
9/29/2023,2396.767578,2396.767578,2396.767578,2396.767578,2396.767578,0
10/2/2023,2384.293945,2384.293945,2384.293945,2384.293945,2384.293945,0
10/3/2023,2377.310059,2377.310059,2377.310059,2377.310059,2377.310059,0
10/4/2023,null,null,null,null,null,null
10/5/2023,2377.151123,2377.151123,2377.151123,2377.151123,2377.151123,0
10/6/2023,2368.383057,2368.383057,2368.383057,2368.383057,2368.383057,0
10/9/2023,2383.006592,2383.006592,2383.006592,2383.006592,2383.006592,0
10/10/2023,2397.691162,2397.691162,2397.691162,2397.691162,2397.691162,0
10/11/2023,2404.236816,2404.236816,2404.236816,2404.236816,2404.236816,0
10/12/2023,2400.477051,2400.477051,2400.477051,2400.477051,2400.477051,0
10/13/2023,2401.572021,2401.572021,2401.572021,2401.572021,2401.572021,0
10/16/2023,2396.863525,2396.863525,2396.863525,2396.863525,2396.863525,0
10/17/2023,2395.884766,2395.884766,2395.884766,2395.884766,2395.884766,0
10/18/2023,2398.635254,2398.635254,2398.635254,2398.635254,2398.635254,0
10/19/2023,2390.168457,2390.168457,2390.168457,2390.168457,2390.168457,0
10/20/2023,2381.766357,2381.766357,2381.766357,2381.766357,2381.766357,0
10/23/2023,2369.64917,2369.64917,2369.64917,2369.64917,2369.64917,0
10/24/2023,2379.444824,2379.444824,2379.444824,2379.444824,2379.444824,0
10/25/2023,null,null,null,null,null,null
10/26/2023,2358.411865,2358.411865,2358.411865,2358.411865,2358.411865,0
10/27/2023,2348.777588,2348.777588,2348.777588,2348.777588,2348.777588,0
10/30/2023,2349.014648,2349.014648,2349.014648,2349.014648,2349.014648,0
10/31/2023,2361.694336,2361.694336,2361.694336,2361.694336,2361.694336,0
11/1/2023,2373.040039,2373.040039,2373.040039,2373.040039,2373.040039,0
11/2/2023,2390.521484,2390.521484,2390.521484,2390.521484,2390.521484,0
11/3/2023,2402.42041,2402.42041,2402.42041,2402.42041,2402.42041,0
11/6/2023,2400.4104,2400.4104,2400.4104,2400.4104,2400.4104,0
11/7/2023,2399.455566,2399.455566,2399.455566,2399.455566,2399.455566,0
11/8/2023,2397.475586,2397.475586,2397.475586,2397.475586,2397.475586,0
11/9/2023,2397.421143,2397.421143,2397.421143,2397.421143,2397.421143,0
11/10/2023,2389.946289,2389.946289,2389.946289,2389.946289,2389.946289,0
11/13/2023,null,null,null,null,null,null
11/14/2023,2409.538086,2409.538086,2409.538086,2409.538086,2409.538086,0
11/15/2023,2414.141602,2414.141602,2414.141602,2414.141602,2414.141602,0
11/16/2023,2413.45459,2413.45459,2413.45459,2413.45459,2413.45459,0
11/17/2023,2416.846924,2416.846924,2416.846924,2416.846924,2416.846924,0
11/20/2023,2415.515869,2415.515869,2415.515869,2415.515869,2415.515869,0
11/21/2023,2415.395508,2415.395508,2415.395508,2415.395508,2415.395508,0
11/22/2023,2424.865967,2424.865967,2424.865967,2424.865967,2424.865967,0
11/23/2023,null,null,null,null,null,null
11/24/2023,2428.23999,2428.23999,2428.23999,2428.23999,2428.23999,0
11/27/2023,2427.537109,2427.537109,2427.537109,2427.537109,2427.537109,0
11/28/2023,null,null,null,null,null,null
11/29/2023,2432.645752,2432.645752,2432.645752,2432.645752,2432.645752,0
11/30/2023,2426.673828,2426.673828,2426.673828,2426.673828,2426.673828,0
12/1/2023,2433.340088,2433.340088,2433.340088,2433.340088,2433.340088,0
12/4/2023,2442.924805,2442.924805,2442.924805,2442.924805,2442.924805,0
12/5/2023,2445.269043,2445.269043,2445.269043,2445.269043,2445.269043,0
12/6/2023,2449.0354,2449.0354,2449.0354,2449.0354,2449.0354,0
12/7/2023,2448.70752,2448.70752,2448.70752,2448.70752,2448.70752,0
12/8/2023,2452.915039,2452.915039,2452.915039,2452.915039,2452.915039,0
12/11/2023,2461.818115,2461.818115,2461.818115,2461.818115,2461.818115,0
12/12/2023,2463.360107,2463.360107,2463.360107,2463.360107,2463.360107,0
12/13/2023,2464.537842,2464.537842,2464.537842,2464.537842,2464.537842,0
12/14/2023,2477.70752,2477.70752,2477.70752,2477.70752,2477.70752,0
12/15/2023,2469.792969,2469.792969,2469.792969,2469.792969,2469.792969,0
12/18/2023,2470.946777,2470.946777,2470.946777,2470.946777,2470.946777,0
12/19/2023,2478.793701,2478.793701,2478.793701,2478.793701,2478.793701,0
12/20/2023,2480.033203,2480.033203,2480.033203,2480.033203,2480.033203,0
12/21/2023,2477.407227,2477.407227,2477.407227,2477.407227,2477.407227,0
12/22/2023,2485.94751,2485.94751,2485.94751,2485.94751,2485.94751,0
12/27/2023,2487.151123,2487.151123,2487.151123,2487.151123,2487.151123,0
12/28/2023,2493.2146,2493.2146,2493.2146,2493.2146,2493.2146,0
12/29/2023,2493.461914,2493.461914,2493.461914,2493.461914,2493.461914,0
1/2/2024,null,null,null,null,null,null
1/3/2024,null,null,null,null,null,null
1/4/2024,null,null,null,null,null,null
1/5/2024,null,null,null,null,null,null
1/8/2024,null,null,null,null,null,null
1/9/2024,2506.681396,2506.681396,2506.681396,2506.681396,2506.681396,0
1/10/2024,2508.615234,2508.615234,2508.615234,2508.615234,2508.615234,0
1/11/2024,2507.740479,2507.740479,2507.740479,2507.740479,2507.740479,0
1/12/2024,2513.205811,2513.205811,2513.205811,2513.205811,2513.205811,0
1/15/2024,null,null,null,null,null,null
1/16/2024,2505.144531,2505.144531,2505.144531,2505.144531,2505.144531,0
1/17/2024,2496.915283,2496.915283,2496.915283,2496.915283,2496.915283,0
1/18/2024,2497.882813,2497.882813,2497.882813,2497.882813,2497.882813,0
1/19/2024,2506.415283,2506.415283,2506.415283,2506.415283,2506.415283,0
1/22/2024,2517.014893,2517.014893,2517.014893,2517.014893,2517.014893,0
1/23/2024,2517.291016,2517.291016,2517.291016,2517.291016,2517.291016,0
1/24/2024,2524.217041,2524.217041,2524.217041,2524.217041,2524.217041,0
1/25/2024,null,null,null,null,null,null
1/26/2024,2522.566406,2522.566406,2522.566406,2522.566406,2522.566406,0
1/29/2024,2522.31543,2522.31543,2522.31543,2522.31543,2522.31543,0
1/30/2024,2527.497314,2527.497314,2527.497314,2527.497314,2527.497314,0
1/31/2024,2526.716797,2526.716797,2526.716797,2526.716797,2526.716797,0
2/1/2024,2519.688721,2519.688721,2519.688721,2519.688721,2519.688721,0
2/2/2024,2527.931152,2527.931152,2527.931152,2527.931152,2527.931152,0
2/5/2024,2524.967529,2524.967529,2524.967529,2524.967529,2524.967529,0
2/6/2024,2522.192871,2522.192871,2522.192871,2522.192871,2522.192871,0
2/7/2024,2525.217285,2525.217285,2525.217285,2525.217285,2525.217285,0
2/8/2024,2517.137207,2517.137207,2517.137207,2517.137207,2517.137207,0
2/9/2024,2514.700684,2514.700684,2514.700684,2514.700684,2514.700684,0
2/12/2024,2520.999268,2520.999268,2520.999268,2520.999268,2520.999268,0
2/13/2024,2512.119629,2512.119629,2512.119629,2512.119629,2512.119629,0
2/14/2024,2510.743164,2510.743164,2510.743164,2510.743164,2510.743164,0
2/15/2024,2517.118164,2517.118164,2517.118164,2517.118164,2517.118164,0
2/16/2024,2514.300781,2514.300781,2514.300781,2514.300781,2514.300781,0
2/19/2024,null,null,null,null,null,null
2/20/2024,2516.711426,2516.711426,2516.711426,2516.711426,2516.711426,0
2/21/2024,2515.782227,2515.782227,2515.782227,2515.782227,2515.782227,0
2/22/2024,2521.974609,2521.974609,2521.974609,2521.974609,2521.974609,0
2/23/2024,2528.294434,2528.294434,2528.294434,2528.294434,2528.294434,0
2/26/2024,2526.191406,2526.191406,2526.191406,2526.191406,2526.191406,0
2/27/2024,2521.064697,2521.064697,2521.064697,2521.064697,2521.064697,0
2/28/2024,2516.537354,2516.537354,2516.537354,2516.537354,2516.537354,0
2/29/2024,2520.717285,2520.717285,2520.717285,2520.717285,2520.717285,0
3/1/2024,2516.464355,2516.464355,2516.464355,2516.464355,2516.464355,0
3/4/2024,2519.351563,2519.351563,2519.351563,2519.351563,2519.351563,0
3/5/2024,2522.466309,2522.466309,2522.466309,2522.466309,2522.466309,0
3/6/2024,2524.230713,2524.230713,2524.230713,2524.230713,2524.230713,0
3/7/2024,2524.26709,2524.26709,2524.26709,2524.26709,2524.26709,0
3/8/2024,2530.640137,2530.640137,2530.640137,2530.640137,2530.640137,0
3/11/2024,2529.860352,2529.860352,2529.860352,2529.860352,2529.860352,0
3/12/2024,2539.455078,2539.455078,2539.455078,2539.455078,2539.455078,0
3/13/2024,2543.116211,2543.116211,2543.116211,2543.116211,2543.116211,0
3/14/2024,2536.441162,2536.441162,2536.441162,2536.441162,2536.441162,0
3/15/2024,2532.688965,2532.688965,2532.688965,2532.688965,2532.688965,0
3/18/2024,2536.925049,2536.925049,2536.925049,2536.925049,2536.925049,0
3/19/2024,2536.952881,2536.952881,2536.952881,2536.952881,2536.952881,0
3/20/2024,2542.465332,2542.465332,2542.465332,2542.465332,2542.465332,0
3/21/2024,2549.234863,2549.234863,2549.234863,2549.234863,2549.234863,0
3/22/2024,2551.450195,2551.450195,2551.450195,2551.450195,2551.450195,0
3/25/2024,2547.625244,2547.625244,2547.625244,2547.625244,2547.625244,0
3/26/2024,2553.437256,2553.437256,2553.437256,2553.437256,2553.437256,0
3/27/2024,2560.974121,2560.974121,2560.974121,2560.974121,2560.974121,0
3/28/2024,null,null,null,null,null,null
4/2/2024,2554.515625,2554.515625,2554.515625,2554.515625,2554.515625,0
4/3/2024,2548.464844,2548.464844,2548.464844,2548.464844,2548.464844,0
4/4/2024,2556.76001,2556.76001,2556.76001,2556.76001,2556.76001,0
4/5/2024,2543.566895,2543.566895,2543.566895,2543.566895,2543.566895,0
4/8/2024,2547.361572,2547.361572,2547.361572,2547.361572,2547.361572,0
4/9/2024,2546.737061,2546.737061,2546.737061,2546.737061,2546.737061,0
4/10/2024,2539.287354,2539.287354,2539.287354,2539.287354,2539.287354,0
4/11/2024,2535.015381,2535.015381,2535.015381,2535.015381,2535.015381,0
4/12/2024,2530.463379,2530.463379,2530.463379,2530.463379,2530.463379,0
4/15/2024,2527.065674,2527.065674,2527.065674,2527.065674,2527.065674,0
4/16/2024,2506.499756,2506.499756,2506.499756,2506.499756,2506.499756,0
4/17/2024,2511.692383,2511.692383,2511.692383,2511.692383,2511.692383,0
4/18/2024,2511.37085,2511.37085,2511.37085,2511.37085,2511.37085,0
4/19/2024,2513.12915,2513.12915,2513.12915,2513.12915,2513.12915,0
4/22/2024,2524.400146,2524.400146,2524.400146,2524.400146,2524.400146,0
4/23/2024,2533.431396,2533.431396,2533.431396,2533.431396,2533.431396,0
4/24/2024,2534.985107,2534.985107,2534.985107,2534.985107,2534.985107,0
4/25/2024,2524.044678,2524.044678,2524.044678,2524.044678,2524.044678,0
4/26/2024,2538.620117,2538.620117,2538.620117,2538.620117,2538.620117,0
4/29/2024,2542.950439,2542.950439,2542.950439,2542.950439,2542.950439,0
4/30/2024,2538.172852,2538.172852,2538.172852,2538.172852,2538.172852,0
5/2/2024,2529.880859,2529.880859,2529.880859,2529.880859,2529.880859,0
5/3/2024,2535.766357,2535.766357,2535.766357,2535.766357,2535.766357,0
5/7/2024,2551.52417,2551.52417,2551.52417,2551.52417,2551.52417,0
5/8/2024,2556.726807,2556.726807,2556.726807,2556.726807,2556.726807,0
5/9/2024,null,null,null,null,null,null
5/10/2024,2567.877686,2567.877686,2567.877686,2567.877686,2567.877686,0
5/13/2024,2572.665527,2572.665527,2572.665527,2572.665527,2572.665527,0
5/14/2024,2573.262451,2573.262451,2573.262451,2573.262451,2573.262451,0
5/15/2024,2577.074463,2577.074463,2577.074463,2577.074463,2577.074463,0
5/16/2024,2578.867432,2578.867432,2578.867432,2578.867432,2578.867432,0
5/17/2024,null,null,null,null,null,null
5/20/2024,null,null,null,null,null,null
5/21/2024,2573.986328,2573.986328,2573.986328,2573.986328,2573.986328,0
5/22/2024,2573.022949,2573.022949,2573.022949,2573.022949,2573.022949,0
5/23/2024,2566.12207,2566.12207,2566.12207,2566.12207,2566.12207,0
5/24/2024,2559.369873,2559.369873,2559.369873,2559.369873,2559.369873,0
5/27/2024,null,null,null,null,null,null
5/28/2024,2560.925781,2560.925781,2560.925781,2560.925781,2560.925781,0
5/29/2024,2542.421387,2542.421387,2542.421387,2542.421387,2542.421387,0
5/30/2024,2543.689697,2543.689697,2543.689697,2543.689697,2543.689697,0
5/31/2024,2552.074951,2552.074951,2552.074951,2552.074951,2552.074951,0
6/3/2024,2570.290039,2570.290039,2570.290039,2570.290039,2570.290039,0
6/4/2024,2567.639893,2567.639893,2567.639893,2567.639893,2567.639893,0
6/5/2024,2568.151855,2568.151855,2568.151855,2568.151855,2568.151855,0
6/6/2024,2575.025391,2575.025391,2575.025391,2575.025391,2575.025391,0
6/7/2024,2569.585693,2569.585693,2569.585693,2569.585693,2569.585693,0
6/10/2024,2560.515625,2560.515625,2560.515625,2560.515625,2560.515625,0
6/11/2024,2552.567139,2552.567139,2552.567139,2552.567139,2552.567139,0
6/12/2024,2562.110107,2562.110107,2562.110107,2562.110107,2562.110107,0
6/13/2024,2549.74585,2549.74585,2549.74585,2549.74585,2549.74585,0
6/14/2024,2547.557129,2547.557129,2547.557129,2547.557129,2547.557129,0
6/17/2024,2545.672852,2545.672852,2545.672852,2545.672852,2545.672852,0
6/18/2024,2555.395508,2555.395508,2555.395508,2555.395508,2555.395508,0
6/19/2024,null,null,null,null,null,null
6/20/2024,2554.277344,2554.277344,2554.277344,2554.277344,2554.277344,0
6/21/2024,null,null,null,null,null,null
6/24/2024,2571.836426,2571.836426,2571.836426,2571.836426,2571.836426,0
6/25/2024,2568.672607,2568.672607,2568.672607,2568.672607,2568.672607,0
6/26/2024,2561.282227,2561.282227,2561.282227,2561.282227,2561.282227,0
6/27/2024,2559.019287,2559.019287,2559.019287,2559.019287,2559.019287,0
6/28/2024,2559.344971,2559.344971,2559.344971,2559.344971,2559.344971,0
7/1/2024,2566.666992,2566.666992,2566.666992,2566.666992,2566.666992,0
7/2/2024,2558.064209,2558.064209,2558.064209,2558.064209,2558.064209,0
7/3/2024,2563.45459,2563.45459,2563.45459,2563.45459,2563.45459,0
7/4/2024,null,null,null,null,null,null
7/5/2024,2560.081543,2560.081543,2560.081543,2560.081543,2560.081543,0
7/8/2024,2562.99292,2562.99292,2562.99292,2562.99292,2562.99292,0
7/9/2024,2556.140137,2556.140137,2556.140137,2556.140137,2556.140137,0
7/10/2024,2563.267578,2563.267578,2563.267578,2563.267578,2563.267578,0
7/11/2024,2577.830566,2577.830566,2577.830566,2577.830566,2577.830566,0
7/12/2024,2585.249023,2585.249023,2585.249023,2585.249023,2585.249023,0
7/15/2024,2588.58667,2588.58667,2588.58667,2588.58667,2588.58667,0
7/16/2024,2592.334473,2592.334473,2592.334473,2592.334473,2592.334473,0
7/17/2024,2601.190918,2601.190918,2601.190918,2601.190918,2601.190918,0
7/18/2024,2611.493652,2611.493652,2611.493652,2611.493652,2611.493652,0
7/19/2024,2596.720703,2596.720703,2596.720703,2596.720703,2596.720703,0
7/22/2024,2594.501465,2594.501465,2594.501465,2594.501465,2594.501465,0
7/23/2024,2595.931396,2595.931396,2595.931396,2595.931396,2595.931396,0
7/24/2024,2594.614502,2594.614502,2594.614502,2594.614502,2594.614502,0
7/25/2024,2600.084717,2600.084717,2600.084717,2600.084717,2600.084717,0
7/26/2024,2602.447998,2602.447998,2602.447998,2602.447998,2602.447998,0
7/29/2024,2609.387207,2609.387207,2609.387207,2609.387207,2609.387207,0
7/30/2024,2619.473145,2619.473145,2619.473145,2619.473145,2619.473145,0
7/31/2024,2620.849609,2620.849609,2620.849609,2620.849609,2620.849609,0
8/1/2024,2621.758545,2621.758545,2621.758545,2621.758545,2621.758545,0
8/2/2024,2615.422852,2615.422852,2615.422852,2615.422852,2615.422852,0
8/5/2024,2580.915039,2580.915039,2580.915039,2580.915039,2580.915039,0
8/6/2024,2588.124512,2588.124512,2588.124512,2588.124512,2588.124512,0
8/7/2024,2599.06958,2599.06958,2599.06958,2599.06958,2599.06958,0
8/8/2024,2594.317383,2594.317383,2594.317383,2594.317383,2594.317383,0
8/9/2024,2598.803223,2598.803223,2598.803223,2598.803223,2598.803223,0
8/12/2024,2599.55835,2599.55835,2599.55835,2599.55835,2599.55835,0
8/13/2024,null,null,null,null,null,null
8/14/2024,null,null,null,null,null,null
